"0","res$x_exp[1:6, 1]"
"1","[1]"
"1"," 0.95232178"
"1"," 0.02196946"
"1"," 0.11862484"
"1"," 1.04173176"
"1"," 3.06505987"
"1"," 0.04770422"
"1","
"
