"0","res$x_exp[1:6, 1]"
"1","[1]"
"1"," 0.96498901"
"1"," 0.02238219"
"1"," 0.11966335"
"1"," 1.04066309"
"1"," 3.03539940"
"1"," 0.05951916"
"1","
"
